0000000000000000000,0000000000000000000,toppost,index0
0000000000000000001,0000000000000000000,test,moretesting
0000001742682522509,0000000000000000000,Today is a new day, everyone!
0000001742694047585,0000000000000000000,Updoot!,null
0000001742694107084,0000001742694047585,Why null,Is there an error somewhere?
0000001742711191240,0000000000000000000,Hello there!,Hi there! This is my first post!
0000000000000000000,0000000000000000000,toppost,index0
0000000000000000001,0000000000000000000,test,moretesting
0000001742682522509,0000000000000000000,Today is a new day, everyone!
0000001742694047585,0000000000000000000,Updoot!,null
0000001742694107084,0000001742694047585,Why null,Is there an error somewhere?
0000001742711191240,0000000000000000000,Hello there!,Hi there! This is my first post!
0000001742711205899,0000001742711191240,Hi!,This is a test to see if the parent ID is kept!
